<?xml version="1.0" encoding="UTF-8"?>
<project xmlns="http://maven.apache.org/POM/4.0.0" xmlns:xsi="http://www.w3.org/2001/XMLSchema-instance" xsi:schemaLocation="http://maven.apache.org/POM/4.0.0 http://maven.apache.org/maven-v4_0_0.xsd">
  <modelVersion>4.0.0</modelVersion>
  <groupId>cn.com.x1001</groupId>
  <artifactId>ShellAgent</artifactId>
  <version>1.2-SNAPSHOT</version>
  <build>
    <resources>
      <resource>
        <targetPath>META-INF/resources</targetPath>
        <directory>src/main/resources</directory>
        <includes>
          <include>**/*.*</include>
        </includes>
      </resource>
    </resources>
    <finalName>shell-agent</finalName>
    <plugins>
      <plugin>
        <artifactId>maven-shade-plugin</artifactId>
        <version>3.2.4</version>
        <executions>
          <execution>
            <phase>package</phase>
            <goals>
              <goal>shade</goal>
            </goals>
          </execution>
        </executions>
        <configuration>
          <minimizeJar>true</minimizeJar>
        </configuration>
      </plugin>
      <plugin>
        <artifactId>maven-compiler-plugin</artifactId>
        <version>2.5.1</version>
        <configuration>
          <source>1.8</source>
          <target>1.8</target>
          <encoding>utf8</encoding>
          <showWarnings>true</showWarnings>
        </configuration>
      </plugin>
      <plugin>
        <artifactId>maven-jar-plugin</artifactId>
        <version>2.3.1</version>
        <configuration>
          <archive>
            <manifestEntries>
              <Agent-Class>cn.com.x1001.Agent</Agent-Class>
              <Boot-Class-Path>${build.finalName}.jar</Boot-Class-Path>
              <Can-Redefine-Classes>true</Can-Redefine-Classes>
              <Can-Retransform-Classes>true</Can-Retransform-Classes>
              <Can-Set-Native-Method-Prefix>true</Can-Set-Native-Method-Prefix>
              <Build-Time>${maven.build.timestamp}</Build-Time>
            </manifestEntries>
          </archive>
        </configuration>
      </plugin>
    </plugins>
  </build>
</project>
